timestamp,open,high,low,close,volume,close_time,quote_asset_volume,number_of_trades,taker_buy_base_asset_volume,taker_buy_quote_asset_volume,ignore
2025-04-11 00:48:00,112.8600,112.8600,112.6600,112.7000,13875.93,1744332539999,1564316.319800,1298,4537.56,511546.510200,0
2025-04-11 00:49:00,112.7000,112.7600,112.5600,112.5700,16048.73,1744332599999,1808145.306400,1479,5270.91,593953.670600,0
2025-04-11 00:50:00,112.5600,112.6200,112.4300,112.5100,28144.24,1744332659999,3166688.283100,2118,9442.81,1062425.234300,0
2025-04-11 00:51:00,112.5100,112.6100,112.4600,112.4600,18919.21,1744332719999,2129462.783100,1378,6119.00,688628.800600,0
2025-04-11 00:52:00,112.4600,112.4700,112.3100,112.4400,13277.52,1744332779999,1492200.190800,1499,5221.10,586788.323300,0
2025-04-11 00:53:00,112.4500,112.5600,112.4300,112.5500,15713.54,1744332839999,1767812.693800,1216,6031.24,678482.402200,0
2025-04-11 00:54:00,112.5400,112.5700,112.4000,112.4400,18490.81,1744332899999,2079746.568800,1632,6310.13,709763.934900,0
2025-04-11 00:55:00,112.4300,112.5400,112.3100,112.3900,18523.53,1744332959999,2083353.203500,1828,7016.67,789175.875000,0
2025-04-11 00:56:00,112.3900,112.3900,112.1900,112.2900,36739.94,1744333019999,4125333.437500,2483,15321.65,1720252.338100,0
2025-04-11 00:57:00,112.3000,112.3400,112.1500,112.1800,17748.27,1744333079999,1991738.997700,1620,8779.92,985305.230500,0
2025-04-11 00:58:00,112.1700,112.2600,112.1600,112.2300,17040.01,1744333139999,1912220.398000,1282,7356.16,825501.079100,0
2025-04-11 00:59:00,112.2200,112.2800,112.0900,112.2100,42140.86,1744333199999,4727644.195500,2428,15631.98,1753700.993700,0
2025-04-11 01:00:00,112.2100,112.4200,112.1500,112.3100,29483.72,1744333259999,3310740.264300,2689,11759.78,1320357.792300,0
2025-04-11 01:01:00,112.3000,112.3000,112.2000,112.2600,16347.76,1744333319999,1835100.298800,1573,7184.64,806449.926300,0
2025-04-11 01:02:00,112.2600,112.4400,112.2000,112.4300,17285.99,1744333379999,1941916.395900,1467,10534.04,1183206.466200,0
2025-04-11 01:03:00,112.4200,112.4200,112.1700,112.3200,25484.24,1744333439999,2861464.481100,1994,5916.61,664230.327700,0
2025-04-11 01:04:00,112.3100,112.3500,112.2000,112.2500,10814.19,1744333499999,1214224.323600,1101,4233.91,475349.071700,0
2025-04-11 01:05:00,112.2500,112.4400,112.2400,112.4300,9423.41,1744333559999,1058791.001400,1030,4219.50,474083.570000,0
2025-04-11 01:06:00,112.4300,112.5000,112.2700,112.5000,14164.20,1744333619999,1591734.734600,1281,8027.07,902065.570600,0
2025-04-11 01:07:00,112.5000,112.6800,112.4700,112.6600,27497.01,1744333679999,3094675.731000,1776,22505.49,2532976.227500,0
2025-04-11 01:08:00,112.6700,112.6900,112.5700,112.6300,9869.30,1744333739999,1111487.727800,932,4777.97,538075.328500,0
2025-04-11 01:09:00,112.6300,112.6500,112.4900,112.5100,8763.15,1744333799999,986588.953600,980,4531.34,510117.955900,0
2025-04-11 01:10:00,112.5100,112.6000,112.4500,112.6000,8722.29,1744333859999,981551.365900,940,6562.98,738582.617500,0
2025-04-11 01:11:00,112.6000,112.9200,112.6000,112.8500,22273.11,1744333919999,2512420.184400,1804,18208.43,2054084.649400,0
2025-04-11 01:12:00,112.8500,112.8600,112.6700,112.6800,8370.12,1744333979999,943950.552000,1023,3848.91,434023.023800,0
2025-04-11 01:13:00,112.6700,112.7400,112.5800,112.5800,6508.59,1744334039999,733327.737200,853,2138.51,240978.222300,0
2025-04-11 01:14:00,112.5800,112.7300,112.5600,112.7300,6961.30,1744334099999,784078.023700,604,5114.29,576070.689600,0
2025-04-11 01:15:00,112.7300,112.8900,112.7200,112.8700,10819.71,1744334159999,1220570.513600,1028,7740.65,873229.577900,0
2025-04-11 01:16:00,112.8700,112.9300,112.8000,112.9100,10307.19,1744334219999,1163396.874000,1106,6175.48,697019.675700,0
2025-04-11 01:17:00,112.9000,112.9200,112.7400,112.7800,7146.50,1744334279999,806157.455600,909,2867.13,323411.060900,0
2025-04-11 01:18:00,112.7700,113.0500,112.7500,113.0000,15195.73,1744334339999,1716927.664200,1610,9029.62,1020223.609800,0
2025-04-11 01:19:00,113.0000,113.1600,112.9400,113.1100,13882.87,1744334399999,1570020.453100,1584,9146.35,1034353.706700,0
2025-04-11 01:20:00,113.1100,113.1400,113.0000,113.0400,10510.34,1744334459999,1188395.709500,1189,5368.88,607066.584000,0
2025-04-11 01:21:00,113.0400,113.0400,112.8900,112.9400,6867.56,1744334519999,775641.567900,950,3791.30,428166.894600,0
2025-04-11 01:22:00,112.9400,113.1100,112.8800,113.0200,7974.84,1744334579999,901241.696300,1102,3658.01,413393.689100,0
2025-04-11 01:23:00,113.0200,113.0300,112.8500,112.8500,6870.45,1744334639999,775934.384100,929,3292.77,371896.554200,0
2025-04-11 01:24:00,112.8500,112.9900,112.8200,112.9500,5321.14,1744334699999,600606.202700,774,2200.56,248415.633100,0
2025-04-11 01:25:00,112.9500,113.0600,112.9200,113.0100,19243.33,1744334759999,2174548.980200,1268,7251.98,819498.490300,0
2025-04-11 01:26:00,113.0100,113.1100,112.9800,113.0100,8825.87,1744334819999,997630.024900,915,5953.76,673014.304900,0
2025-04-11 01:27:00,113.0100,113.0100,112.8900,112.9400,5944.54,1744334879999,671328.793400,728,3527.62,398372.422200,0
2025-04-11 01:28:00,112.9400,113.0500,112.9400,112.9800,4877.58,1744334939999,551228.794800,691,1867.91,211092.332400,0
2025-04-11 01:29:00,112.9700,113.0700,112.9700,113.0000,6569.18,1744334999999,742413.266200,605,2746.33,310382.659000,0
2025-04-11 01:30:00,113.0000,113.0900,112.9400,113.0900,17471.30,1744335059999,1974675.232900,1217,13302.22,1503471.238600,0
2025-04-11 01:31:00,113.0900,113.2000,112.9000,113.1400,19520.20,1744335119999,2206214.967200,1853,9125.99,1031689.592000,0
2025-04-11 01:32:00,113.1300,113.6400,113.0800,113.4400,87883.87,1744335179999,9968595.473300,5812,64670.86,7335943.336000,0
2025-04-11 01:33:00,113.4300,113.8600,113.3300,113.8000,46058.28,1744335239999,5234543.645800,3864,25795.32,2932188.852400,0
2025-04-11 01:34:00,113.8000,113.8100,113.5000,113.5400,24205.34,1744335299999,2750307.412700,2168,13335.68,1515171.454600,0
2025-04-11 01:35:00,113.5500,113.7100,113.5300,113.5400,15492.45,1744335359999,1760253.677100,1794,7233.00,821877.292700,0
2025-04-11 01:36:00,113.5400,113.7100,113.5200,113.6600,17144.73,1744335419999,1947961.392700,1720,10708.01,1216692.100200,0
2025-04-11 01:37:00,113.6600,113.6900,113.4900,113.5000,12526.74,1744335479999,1422874.530100,1230,5828.63,662062.899700,0
2025-04-11 01:38:00,113.5000,113.5700,113.3600,113.3600,12717.81,1744335539999,1443025.680800,1380,6131.59,695735.856200,0
2025-04-11 01:39:00,113.3600,113.3700,113.3000,113.3000,11179.24,1744335599999,1266923.764800,1092,4405.45,499284.513200,0
2025-04-11 01:40:00,113.3100,113.3600,113.2700,113.3400,11189.68,1744335659999,1268073.160000,1032,6640.01,752500.691900,0
2025-04-11 01:41:00,113.3300,113.4700,113.2600,113.3200,10225.24,1744335719999,1159011.692500,1160,4587.18,519989.260000,0
2025-04-11 01:42:00,113.3100,113.3200,112.9400,112.9800,71243.32,1744335779999,8056545.571000,4123,18810.93,2126602.393800,0
2025-04-11 01:43:00,112.9700,113.0900,112.9500,113.0400,12505.88,1744335839999,1413471.347600,1133,7683.46,868470.448100,0
2025-04-11 01:44:00,113.0400,113.1000,113.0200,113.0900,7443.53,1744335899999,841576.468700,804,3091.35,349528.718500,0
2025-04-11 01:45:00,113.0900,113.1800,113.0400,113.0400,8149.84,1744335959999,921879.247700,1217,3791.73,428924.617200,0
2025-04-11 01:46:00,113.0400,113.1200,112.9800,113.0300,5652.64,1744336019999,638944.701800,823,3282.27,371007.159100,0
2025-04-11 01:47:00,113.0400,113.5400,113.0400,113.5400,14386.36,1744336079999,1630452.881300,1729,9897.96,1121848.607600,0
2025-04-11 01:48:00,113.5500,113.6300,113.4100,113.4500,13051.80,1744336139999,1481597.546500,1562,6912.50,784605.252300,0
2025-04-11 01:49:00,113.4400,113.4800,113.3900,113.4200,11785.71,1744336199999,1336857.296700,964,6106.05,692611.165200,0
2025-04-11 01:50:00,113.4200,113.5500,113.3700,113.5100,10591.00,1744336259999,1201469.827600,1217,6101.59,692164.476600,0
2025-04-11 01:51:00,113.5000,114.0800,113.5000,114.0300,62366.19,1744336319999,7100605.476500,6117,43381.51,4939374.655500,0
2025-04-11 01:52:00,114.0300,114.1700,113.8800,113.9200,39462.42,1744336379999,4499405.077000,2917,25556.83,2913983.782000,0
2025-04-11 01:53:00,113.9200,114.0000,113.8000,113.8400,22172.44,1744336439999,2525545.173400,1478,14290.75,1627861.416700,0
2025-04-11 01:54:00,113.8300,113.9200,113.7200,113.7200,14466.49,1744336499999,1646824.456100,1446,5333.78,607316.167000,0
2025-04-11 01:55:00,113.7300,113.8300,113.7000,113.7400,14227.15,1744336559999,1618376.332700,1330,7859.17,894027.952700,0
2025-04-11 01:56:00,113.7500,114.0200,113.7500,114.0000,13229.31,1744336619999,1506683.881600,1445,10441.92,1189288.206000,0
2025-04-11 01:57:00,113.9900,114.0400,113.8800,113.8800,17085.94,1744336679999,1947625.749500,1429,8979.86,1023735.891800,0
2025-04-11 01:58:00,113.8800,114.1300,113.8800,114.0300,22347.34,1744336739999,2547754.111300,1684,12756.06,1454286.588100,0
2025-04-11 01:59:00,114.0300,114.1600,113.9700,114.1100,21749.99,1744336799999,2481443.482500,1694,15001.28,1711451.187800,0
2025-04-11 02:00:00,114.1100,114.2700,113.8900,113.9400,52616.93,1744336859999,6004221.493400,3864,21557.97,2460445.359400,0
2025-04-11 02:01:00,113.9300,114.0700,113.9200,113.9200,13200.84,1744336919999,1504853.208300,1498,6333.59,722061.247600,0
2025-04-11 02:02:00,113.9100,113.9800,113.8100,113.8100,12889.79,1744336979999,1468232.221400,1366,5281.32,601558.649900,0
2025-04-11 02:03:00,113.8200,113.9500,113.7700,113.9100,15675.88,1744337039999,1785095.867300,1472,6788.96,773089.307000,0
2025-04-11 02:04:00,113.9000,113.9100,113.7800,113.8000,19936.87,1744337099999,2269485.541900,1485,7014.70,798524.032800,0
2025-04-11 02:05:00,113.8000,113.8900,113.7100,113.8500,14627.30,1744337159999,1664284.946600,1345,5587.78,635822.167300,0
2025-04-11 02:06:00,113.8500,113.8500,113.6600,113.6600,12835.41,1744337219999,1460303.115600,1830,6152.13,700091.860600,0
2025-04-11 02:07:00,113.6600,113.7800,113.6200,113.6500,7765.46,1744337279999,882871.109300,1144,4117.86,468206.798900,0
2025-04-11 02:08:00,113.6500,113.9000,113.6500,113.9000,10682.08,1744337339999,1216051.038800,1224,7689.45,875398.948100,0
2025-04-11 02:09:00,113.9000,113.9400,113.8100,113.8200,12397.88,1744337399999,1412068.440100,1176,9195.16,1047296.072400,0
2025-04-11 02:10:00,113.8300,113.9800,113.8200,113.9700,4325.59,1744337459999,492617.230400,955,2452.10,279248.807000,0
2025-04-11 02:11:00,113.9700,114.1000,113.9100,113.9400,11577.31,1744337519999,1319886.009100,1566,4671.82,532691.268500,0
2025-04-11 02:12:00,113.9400,114.0200,113.7400,113.7600,13233.84,1744337579999,1506960.551400,1409,6561.24,747208.793700,0
2025-04-11 02:13:00,113.7700,113.9400,113.7600,113.9300,5891.34,1744337639999,670844.513400,1294,2986.74,340063.017800,0
2025-04-11 02:14:00,113.9300,114.0600,113.9300,113.9900,6940.96,1744337699999,791203.936600,890,3430.81,391071.053300,0
2025-04-11 02:15:00,113.9800,114.0000,113.9000,113.9900,5774.90,1744337759999,658134.043400,1064,2243.44,255668.595200,0
2025-04-11 02:16:00,113.9900,113.9900,113.6800,113.7200,9967.11,1744337819999,1134373.646600,1009,4336.45,493423.812000,0
2025-04-11 02:17:00,113.7100,113.8100,113.7100,113.7400,11558.98,1744337879999,1314745.738400,1021,3543.84,403122.955600,0
2025-04-11 02:18:00,113.7400,113.9400,113.7400,113.8600,11563.13,1744337939999,1316844.847700,984,8539.99,972542.322900,0
2025-04-11 02:19:00,113.8500,114.0300,113.8500,114.0000,5186.53,1744337999999,591203.613600,839,3718.41,423836.604200,0
2025-04-11 02:20:00,114.0100,114.0300,113.8800,113.9100,7511.03,1744338059999,855984.154900,832,5182.42,590636.121800,0
2025-04-11 02:21:00,113.9200,114.0500,113.9200,114.0100,12892.25,1744338119999,1469565.219700,944,9425.32,1074364.517200,0
2025-04-11 02:22:00,114.0100,114.1900,114.0100,114.0400,20226.81,1744338179999,2308044.896200,1701,14018.35,1599591.592000,0
2025-04-11 02:23:00,114.0300,114.1900,113.9900,114.1600,15134.50,1744338239999,1726625.018600,1150,9217.02,1051599.247000,0
2025-04-11 02:24:00,114.1500,114.3700,114.1500,114.3200,25049.63,1744338299999,2862113.096900,1926,18376.91,2099764.356100,0
2025-04-11 02:25:00,114.3300,114.4700,114.3000,114.4600,27376.71,1744338359999,3131743.469100,2353,16657.59,1905439.657000,0
2025-04-11 02:26:00,114.4500,114.7000,114.4200,114.6500,43981.36,1744338419999,5039514.337700,3349,30216.18,3462404.295300,0
2025-04-11 02:27:00,114.6400,115.2500,114.6300,115.1200,115004.57,1744338479999,13215839.254000,7409,92756.28,10658951.736800,0
2025-04-11 02:28:00,115.1200,115.3000,115.1100,115.2400,46777.14,1744338539999,5387918.099900,5150,28868.13,3325354.336400,0
2025-04-11 02:29:00,115.2300,115.2400,115.0000,115.0600,20808.64,1744338599999,2395176.133400,2823,8640.84,994619.074900,0
2025-04-11 02:30:00,115.0600,115.3800,115.0600,115.3200,39735.25,1744338659999,4580568.545700,2879,22953.45,2645848.542700,0
2025-04-11 02:31:00,115.3100,115.4600,115.2200,115.2300,35211.47,1744338719999,4062119.426500,2974,24946.02,2878098.191900,0
2025-04-11 02:32:00,115.2400,115.4900,115.2000,115.4200,40381.64,1744338779999,4657743.050300,2815,22167.58,2556343.441700,0
2025-04-11 02:33:00,115.4200,115.5000,115.0300,115.0900,29828.78,1744338839999,3436859.665200,3381,9985.94,1151126.593200,0
2025-04-11 02:34:00,115.0800,115.1400,114.9500,114.9800,19269.13,1744338899999,2216793.702400,1769,5954.04,684986.284000,0
2025-04-11 02:35:00,114.9900,115.0200,114.7300,114.7600,19480.57,1744338959999,2238088.899500,1975,6891.45,791906.035100,0
2025-04-11 02:36:00,114.7600,114.7900,114.6000,114.7100,38816.24,1744339019999,4450868.984500,2335,6983.77,800917.173800,0
2025-04-11 02:37:00,114.7000,114.7300,114.4500,114.6600,32954.57,1744339079999,3776067.836800,2415,10599.61,1214588.193000,0
2025-04-11 02:38:00,114.6500,114.7200,114.5000,114.5900,11854.06,1744339139999,1358745.339600,1325,4619.82,529634.642900,0
2025-04-11 02:39:00,114.5900,114.7000,114.5600,114.5700,12487.27,1744339199999,1431389.212900,1065,7473.53,856728.364600,0
2025-04-11 02:40:00,114.5700,114.5800,114.4100,114.4500,5946.65,1744339259999,680661.385900,1050,2097.59,240075.565800,0
2025-04-11 02:41:00,114.4400,114.5000,114.3800,114.4800,10405.32,1744339319999,1190636.149600,1181,4712.23,539227.274400,0
2025-04-11 02:42:00,114.4800,114.4900,114.3200,114.4300,10250.64,1744339379999,1172689.884400,1027,4129.97,472434.256600,0
2025-04-11 02:43:00,114.4400,114.4400,114.3100,114.3100,9427.00,1744339439999,1078096.991700,1107,3633.81,415591.267000,0
2025-04-11 02:44:00,114.3200,114.4100,114.3000,114.3900,6788.78,1744339499999,776253.115600,976,3689.44,421878.996900,0
2025-04-11 02:45:00,114.4000,114.5700,114.3700,114.5300,13876.21,1744339559999,1588548.013500,1349,7783.52,891036.871300,0
2025-04-11 02:46:00,114.5200,114.7000,114.4400,114.6300,19464.84,1744339619999,2229915.012900,1583,8792.76,1007782.618800,0
2025-04-11 02:47:00,114.6300,114.7500,114.4800,114.5900,7433.08,1744339679999,851918.637300,1064,2659.84,304857.052600,0
2025-04-11 02:48:00,114.5800,114.5900,114.4600,114.5700,9095.57,1744339739999,1041685.581400,974,3386.40,387860.661300,0
2025-04-11 02:49:00,114.5700,114.7000,114.5200,114.6900,7802.79,1744339799999,894179.863200,1036,3403.94,390133.676400,0
2025-04-11 02:50:00,114.6900,114.7100,114.4600,114.5200,19561.37,1744339859999,2240992.116700,1420,6695.56,767363.522200,0
2025-04-11 02:51:00,114.5100,114.5600,114.4000,114.5100,14729.91,1744339919999,1686334.364700,1292,9752.13,1116467.480100,0
2025-04-11 02:52:00,114.5000,114.5000,114.2900,114.3600,27007.82,1744339979999,3088849.579900,2012,3347.82,382868.103300,0
2025-04-11 02:53:00,114.3700,114.3700,114.2600,114.3000,12753.87,1744340039999,1457887.864900,1659,3478.84,397702.927600,0
2025-04-11 02:54:00,114.3000,114.3300,114.2100,114.2100,12099.05,1744340099999,1382321.110100,1136,4225.42,482832.758500,0
2025-04-11 02:55:00,114.2100,114.2500,114.1500,114.1900,9497.32,1744340159999,1084638.818900,1004,4348.29,496616.195000,0
2025-04-11 02:56:00,114.2000,114.2200,114.0800,114.1900,17896.77,1744340219999,2042667.261700,1527,3739.06,426763.950700,0
2025-04-11 02:57:00,114.2000,114.3800,114.1400,114.3500,11625.59,1744340279999,1328649.204600,1265,5087.81,581561.170300,0
2025-04-11 02:58:00,114.3600,114.3600,114.2200,114.2200,5806.07,1744340339999,663599.651500,834,3359.86,384006.272800,0
2025-04-11 02:59:00,114.2100,114.3800,114.2100,114.3100,6769.55,1744340399999,774017.773300,861,3654.09,417807.782800,0
2025-04-11 03:00:00,114.3100,114.5100,114.3000,114.5000,17182.34,1744340459999,1965878.814800,1583,11320.28,1295261.192400,0
2025-04-11 03:01:00,114.4900,114.6100,114.4600,114.6100,10765.22,1744340519999,1233200.590500,1335,4773.31,546823.472500,0
2025-04-11 03:02:00,114.6000,114.8300,114.6000,114.6400,15413.83,1744340579999,1768800.141800,1724,8499.44,975373.521800,0
2025-04-11 03:03:00,114.6400,114.6900,114.5000,114.6400,9070.20,1744340639999,1039462.943400,1234,5914.18,677743.845600,0
2025-04-11 03:04:00,114.6500,114.7800,114.6400,114.7600,9217.21,1744340699999,1057237.797300,928,6039.40,692746.692700,0
2025-04-11 03:05:00,114.7600,114.9100,114.7600,114.8700,11456.81,1744340759999,1315903.087500,1930,6036.77,693407.501700,0
2025-04-11 03:06:00,114.8700,114.9100,114.8600,114.8900,6676.99,1744340819999,767048.920000,845,4132.42,474738.491600,0
2025-04-11 03:07:00,114.8900,114.9000,114.7000,114.8100,13605.98,1744340879999,1561447.122800,1450,4933.32,566143.291600,0
2025-04-11 03:08:00,114.8000,114.8000,114.6500,114.7900,9215.51,1744340939999,1057232.888700,1132,4145.63,475619.629300,0
2025-04-11 03:09:00,114.7800,114.8500,114.6000,114.7000,41380.37,1744340999999,4747595.868200,2373,9712.50,1114062.093800,0
2025-04-11 03:10:00,114.7000,114.8000,114.6500,114.6900,8357.86,1744341059999,958815.391000,1066,3451.10,395906.178600,0
2025-04-11 03:11:00,114.6900,114.8200,114.6300,114.7800,13538.06,1744341119999,1553163.157500,1380,8969.07,1028984.661400,0
2025-04-11 03:12:00,114.7900,114.8600,114.6400,114.8600,8989.25,1744341179999,1031581.059800,1097,5480.46,628979.356500,0
2025-04-11 03:13:00,114.8600,114.8700,114.7100,114.7700,5155.90,1744341239999,591793.162100,775,2304.64,264500.225300,0
2025-04-11 03:14:00,114.7700,114.8400,114.7100,114.8000,8062.37,1744341299999,925377.828300,886,3409.41,391350.121000,0
2025-04-11 03:15:00,114.8100,114.9300,114.7600,114.8700,12788.62,1744341359999,1468990.502500,1439,8597.88,987620.210500,0
2025-04-11 03:16:00,114.8800,114.9000,114.7100,114.7800,7833.30,1744341419999,899182.394200,1175,3341.49,383584.952900,0
2025-04-11 03:17:00,114.7800,114.8400,114.6800,114.7900,7862.63,1744341479999,902417.197300,1011,5593.69,641985.096400,0
2025-04-11 03:18:00,114.7900,115.3200,114.7900,115.3000,34199.39,1744341539999,3935881.704800,2900,27327.44,3144682.073200,0
2025-04-11 03:19:00,115.3100,115.4200,115.2800,115.3200,18702.08,1744341599999,2157316.553300,1690,12549.61,1447654.442600,0
2025-04-11 03:20:00,115.3100,115.3700,114.9900,115.0600,36353.11,1744341659999,4184621.959300,2288,5601.73,645232.927900,0
2025-04-11 03:21:00,115.0500,115.3200,114.9500,115.3200,14695.99,1744341719999,1691375.981900,1677,6841.36,787403.081200,0
2025-04-11 03:22:00,115.3200,115.3200,115.0900,115.1300,10426.94,1744341779999,1200963.535600,1713,3793.35,436907.138600,0
2025-04-11 03:23:00,115.1300,115.3400,115.0900,115.2600,19909.69,1744341839999,2293557.619600,1880,9269.31,1067892.455300,0
2025-04-11 03:24:00,115.2600,115.2900,115.1800,115.2300,6410.10,1744341899999,738553.245600,886,3233.13,372492.201500,0
2025-04-11 03:25:00,115.2200,115.3500,115.2000,115.2400,7504.35,1744341959999,865071.564100,1129,2739.74,315795.515600,0
2025-04-11 03:26:00,115.2400,115.3000,115.2000,115.2600,8880.23,1744342019999,1023464.277500,1009,4319.64,497844.415000,0
2025-04-11 03:27:00,115.2600,115.4900,115.2500,115.4200,40978.62,1744342079999,4729027.522400,2483,30747.56,3548429.305100,0
2025-04-11 03:28:00,115.4200,115.4200,115.3200,115.3500,9599.49,1744342139999,1107466.933100,888,6034.74,696169.765700,0
2025-04-11 03:29:00,115.3400,115.3700,115.2800,115.3500,9375.16,1744342199999,1081276.500100,1104,4160.21,479821.613600,0
2025-04-11 03:30:00,115.3600,115.4600,115.2600,115.3400,15487.52,1744342259999,1786290.227400,1482,3434.68,396219.533400,0
2025-04-11 03:31:00,115.3400,115.3500,115.2400,115.2600,16382.49,1744342319999,1888686.108700,1325,5942.04,685065.820700,0
2025-04-11 03:32:00,115.2600,115.3900,115.2500,115.3600,15446.46,1744342379999,1781278.141700,1206,3831.32,441808.230300,0
2025-04-11 03:33:00,115.3500,115.4300,115.3200,115.3400,6336.41,1744342439999,731007.338700,1076,2850.69,328879.099900,0
2025-04-11 03:34:00,115.3400,115.3600,115.1900,115.1900,7035.76,1744342499999,810915.665400,773,1185.29,136619.596000,0
2025-04-11 03:35:00,115.1900,115.4000,115.1200,115.2600,37045.56,1744342559999,4269444.977900,2639,28157.61,3244773.242900,0
2025-04-11 03:36:00,115.2500,115.3300,115.2300,115.3000,5486.98,1744342619999,632471.330700,738,2620.80,302090.660300,0
2025-04-11 03:37:00,115.3000,115.3400,115.1400,115.2100,12622.70,1744342679999,1454342.080400,1285,4073.06,469243.397100,0
2025-04-11 03:38:00,115.2200,115.2500,115.1500,115.2200,5206.18,1744342739999,599840.235200,1108,2196.27,253031.101300,0
2025-04-11 03:39:00,115.2200,115.3300,115.1800,115.2000,5051.99,1744342799999,582282.452400,826,2294.31,264448.001200,0
2025-04-11 03:40:00,115.2000,115.7200,115.2000,115.5100,51292.73,1744342859999,5924030.034600,4553,38180.29,4408222.589700,0
2025-04-11 03:41:00,115.5000,115.5500,115.4700,115.4800,6692.39,1744342919999,773014.094800,912,3835.45,443026.206400,0
2025-04-11 03:42:00,115.4800,115.6200,115.4600,115.5800,18685.95,1744342979999,2158825.291800,1400,6234.40,720264.175400,0
2025-04-11 03:43:00,115.5800,115.7100,115.5800,115.6700,15000.85,1744343039999,1734927.226600,1951,8805.93,1018520.944400,0
2025-04-11 03:44:00,115.6700,115.6800,115.5000,115.5700,9590.30,1744343099999,1108591.488600,1126,5172.72,597934.950400,0
2025-04-11 03:45:00,115.5600,115.5900,115.3400,115.3600,17900.06,1744343159999,2066620.418600,2139,4305.27,497143.816200,0
2025-04-11 03:46:00,115.3500,115.4900,115.3500,115.4400,9729.51,1744343219999,1122925.990700,1064,5706.67,658631.035100,0
2025-04-11 03:47:00,115.4300,115.4400,115.3300,115.3400,6615.45,1744343279999,763156.053500,880,2720.10,313781.639900,0
2025-04-11 03:48:00,115.3300,115.4200,115.2900,115.3600,9894.59,1744343339999,1141122.936100,1055,5161.20,595244.093700,0
2025-04-11 03:49:00,115.3600,115.3600,115.2100,115.2200,6906.44,1744343399999,796137.412500,953,2341.08,269868.520900,0
2025-04-11 03:50:00,115.2300,115.3000,115.1800,115.2100,12897.79,1744343459999,1486371.088700,1163,7225.45,832674.534700,0
2025-04-11 03:51:00,115.2100,115.4000,115.2000,115.3600,8644.13,1744343519999,996808.628900,1094,4724.24,544741.207700,0
2025-04-11 03:52:00,115.3600,115.4300,115.3300,115.4300,6493.09,1744343579999,749026.122900,677,1380.21,159238.176800,0
2025-04-11 03:53:00,115.4200,115.4800,115.3200,115.3900,7755.74,1744343639999,894977.195300,945,4264.13,492056.288400,0
2025-04-11 03:54:00,115.3900,115.4700,115.3800,115.4300,2357.17,1744343699999,272079.118500,606,1056.92,121991.632500,0
2025-04-11 03:55:00,115.4400,115.5000,115.3800,115.4300,7251.24,1744343759999,837040.757600,1072,4408.03,508817.749900,0
2025-04-11 03:56:00,115.4200,115.4400,115.3000,115.3100,11077.83,1744343819999,1277770.705000,1005,6122.48,706226.637600,0
2025-04-11 03:57:00,115.3100,115.4600,115.2800,115.4400,7356.31,1744343879999,848655.982000,1014,4469.53,515665.772000,0
2025-04-11 03:58:00,115.4400,115.4500,115.3000,115.3300,9389.78,1744343939999,1083064.281500,782,1188.98,137176.560600,0
2025-04-11 03:59:00,115.3200,115.4000,115.3200,115.3400,4181.20,1744343999999,482333.104800,546,2690.38,310371.286500,0
2025-04-11 04:00:00,115.3400,115.4200,115.2900,115.4100,15765.07,1744344059999,1818694.865400,1235,11495.71,1326233.239100,0
2025-04-11 04:01:00,115.4100,115.4200,115.2700,115.2900,13660.61,1744344119999,1576162.526600,1214,7160.55,826223.115400,0
2025-04-11 04:02:00,115.2800,115.4600,115.2800,115.3100,16389.23,1744344179999,1890830.046500,1464,8114.56,936283.213800,0
2025-04-11 04:03:00,115.3000,115.4000,115.1400,115.2700,36759.77,1744344239999,4237863.666900,1974,16655.18,1920315.872100,0
2025-04-11 04:04:00,115.2600,115.3100,115.2300,115.2700,6499.67,1744344299999,749248.771100,825,1925.26,221925.555900,0
2025-04-11 04:05:00,115.2600,115.4300,115.2600,115.4200,5499.83,1744344359999,634448.140300,781,3061.76,353170.952400,0
2025-04-11 04:06:00,115.4200,115.5900,115.3800,115.5700,15297.66,1744344419999,1766792.684100,1321,9771.00,1128534.915300,0
2025-04-11 04:07:00,115.5700,115.6200,115.3800,115.4600,8089.45,1744344479999,934270.777700,1250,3537.29,408568.571200,0
2025-04-11 04:08:00,115.4600,115.6100,115.4500,115.6000,6938.57,1744344539999,801810.395300,879,3716.54,429555.117600,0
2025-04-11 04:09:00,115.6000,115.6800,115.4600,115.4900,10495.58,1744344599999,1212670.919100,1233,4500.59,520113.065200,0
2025-04-11 04:10:00,115.4900,115.6000,115.4800,115.5900,6408.43,1744344659999,740608.758300,658,5201.54,601129.364800,0
2025-04-11 04:11:00,115.5900,115.6700,115.5900,115.6300,7385.87,1744344719999,854089.157300,998,4106.24,474833.350500,0
2025-04-11 04:12:00,115.6300,115.7000,115.6200,115.6700,10544.88,1744344779999,1219680.015000,1017,7577.35,876460.674500,0
2025-04-11 04:13:00,115.6800,115.8700,115.6700,115.8400,20564.75,1744344839999,2380741.318700,1759,16090.15,1862720.079900,0
2025-04-11 04:14:00,115.8500,115.9700,115.8300,115.9500,21113.17,1744344899999,2447113.126200,1925,13008.68,1507873.582200,0
2025-04-11 04:15:00,115.9500,116.2600,115.9400,116.1400,73799.85,1744344959999,8567792.527200,5461,43356.13,5033334.718700,0
2025-04-11 04:16:00,116.1300,116.1700,115.9400,115.9700,24244.93,1744345019999,2812772.192000,3378,7920.17,918835.641100,0
2025-04-11 04:17:00,115.9700,115.9900,115.8600,115.8600,11538.01,1744345079999,1337563.076000,1562,4539.96,526340.695200,0
2025-04-11 04:18:00,115.8700,115.8900,115.7800,115.8400,11802.51,1744345139999,1367009.498600,1382,3847.36,445672.827600,0
2025-04-11 04:19:00,115.8400,115.8900,115.7000,115.7200,14930.39,1744345199999,1728345.579300,1343,4039.93,467766.380100,0
2025-04-11 04:20:00,115.7300,115.7900,115.6300,115.6900,11019.50,1744345259999,1275357.705900,1371,4070.29,471094.490800,0
2025-04-11 04:21:00,115.6800,115.7400,115.5600,115.5800,11352.08,1744345319999,1312873.687800,1380,4220.53,488229.784800,0
2025-04-11 04:22:00,115.5800,115.6700,115.5800,115.6400,7156.07,1744345379999,827439.142800,862,2166.13,250463.329100,0
2025-04-11 04:23:00,115.6300,115.7000,115.5200,115.6100,11001.48,1744345439999,1271832.416200,1162,4753.97,549640.637800,0
2025-04-11 04:24:00,115.6000,115.6700,115.4700,115.5300,21151.09,1744345499999,2445046.854400,1093,16122.11,1863962.110000,0
2025-04-11 04:25:00,115.5300,115.7000,115.5300,115.6200,10514.83,1744345559999,1215726.236800,1066,5020.45,580444.290100,0
2025-04-11 04:26:00,115.6100,115.8200,115.5900,115.8200,5679.86,1744345619999,657174.625000,951,3352.20,387885.462900,0
2025-04-11 04:27:00,115.8100,115.8600,115.7200,115.7800,22848.05,1744345679999,2646036.225800,1300,10677.58,1236623.834200,0
2025-04-11 04:28:00,115.7700,115.7800,115.6600,115.6700,5754.29,1744345739999,665801.710000,807,2857.96,330690.449900,0
2025-04-11 04:29:00,115.6600,115.7600,115.6200,115.6600,4399.54,1744345799999,508975.364700,742,2526.11,292231.017000,0
2025-04-11 04:30:00,115.6600,115.7500,115.5000,115.5200,6866.17,1744345859999,793878.019000,1080,2369.33,273919.436300,0
2025-04-11 04:31:00,115.5300,115.5400,115.4700,115.5400,8702.58,1744345919999,1005213.689400,872,1947.94,225008.110200,0
2025-04-11 04:32:00,115.5400,115.5800,115.4500,115.5000,11047.19,1744345979999,1276053.166200,1235,6455.60,745695.399300,0
2025-04-11 04:33:00,115.5000,115.5600,115.4200,115.4400,8521.65,1744346039999,984171.295000,987,3262.84,376880.721300,0
2025-04-11 04:34:00,115.4500,115.4800,115.4000,115.4100,8799.33,1744346099999,1015740.689000,887,2275.87,262723.288800,0
2025-04-11 04:35:00,115.4000,115.4300,115.2800,115.2800,9809.16,1744346159999,1131659.708000,1281,1917.64,221263.707300,0
2025-04-11 04:36:00,115.2800,115.3500,115.2100,115.3500,14454.01,1744346219999,1665989.558200,1320,5242.87,604335.476700,0
2025-04-11 04:37:00,115.3500,115.3600,115.2300,115.3300,5293.02,1744346279999,610309.973700,800,2670.60,307960.196900,0
2025-04-11 04:38:00,115.3200,115.4000,115.3000,115.3100,9561.57,1744346339999,1102848.920600,944,3595.88,414795.037900,0
2025-04-11 04:39:00,115.3100,115.3100,115.1200,115.1800,11403.92,1744346399999,1313572.008000,1414,3048.13,351126.420200,0
2025-04-11 04:40:00,115.1900,115.2900,115.1800,115.2100,15245.15,1744346459999,1756666.116800,1228,5272.44,607572.801500,0
2025-04-11 04:41:00,115.2000,115.2300,115.1600,115.1600,5197.87,1744346519999,598766.108600,795,1878.38,216396.825700,0
2025-04-11 04:42:00,115.1700,115.2700,115.1200,115.2000,19259.31,1744346579999,2218412.322000,1057,9964.17,1147712.060500,0
2025-04-11 04:43:00,115.1900,115.2500,115.1600,115.2200,23277.19,1744346639999,2681504.576100,1230,9613.71,1107436.007600,0
2025-04-11 04:44:00,115.2200,115.2900,115.1700,115.2900,11399.43,1744346699999,1313713.842600,986,9057.33,1043866.106300,0
2025-04-11 04:45:00,115.2800,115.4300,115.2800,115.3400,11423.81,1744346759999,1318061.611200,1466,5005.67,577509.570200,0
2025-04-11 04:46:00,115.3400,115.3400,115.2500,115.2800,10798.46,1744346819999,1244989.281100,1059,3222.62,371525.398200,0
2025-04-11 04:47:00,115.2800,115.2900,115.1400,115.1400,14003.44,1744346879999,1613283.523300,1089,5065.50,583604.166100,0
2025-04-11 04:48:00,115.1400,115.2200,115.1000,115.2100,9534.59,1744346939999,1098059.004300,922,4464.79,514189.564100,0
2025-04-11 04:49:00,115.2100,115.2900,115.1900,115.2700,7279.15,1744346999999,838895.951000,852,4474.30,515645.059400,0
2025-04-11 04:50:00,115.2800,115.3500,115.2300,115.2300,17569.46,1744347059999,2025706.338700,1102,6286.66,724864.033600,0
2025-04-11 04:51:00,115.2300,115.3200,115.2300,115.2500,7958.92,1744347119999,917409.605600,835,3317.15,382388.146600,0
2025-04-11 04:52:00,115.2400,115.3100,115.2000,115.2800,4688.43,1744347179999,540426.362300,610,2387.41,275185.771400,0
2025-04-11 04:53:00,115.2800,115.3700,115.2800,115.3200,4860.04,1744347239999,560510.218800,850,2582.44,297825.943300,0
2025-04-11 04:54:00,115.3200,115.4700,115.3100,115.4600,12882.68,1744347299999,1486809.300900,1097,9648.84,1113707.701400,0
2025-04-11 04:55:00,115.4700,115.6300,115.4500,115.5900,14512.97,1744347359999,1677093.845900,1483,8156.15,942417.009800,0
2025-04-11 04:56:00,115.5800,115.5800,115.4200,115.4500,6972.28,1744347419999,805167.267300,922,2990.51,345325.085500,0
2025-04-11 04:57:00,115.4400,115.4600,115.4000,115.4200,5043.98,1744347479999,582216.003800,570,2846.95,328618.767800,0
2025-04-11 04:58:00,115.4200,115.5000,115.4200,115.4900,5165.83,1744347539999,596410.570200,574,2724.46,314552.807500,0
2025-04-11 04:59:00,115.4800,115.5000,115.4400,115.4400,2759.18,1744347599999,318604.464700,428,783.14,90438.697600,0
2025-04-11 05:00:00,115.4400,115.5700,115.4400,115.4900,5115.78,1744347659999,590907.966000,768,2260.40,261084.252000,0
2025-04-11 05:01:00,115.4900,115.5500,115.2900,115.3200,8486.19,1744347719999,979196.010500,1230,3277.83,378278.623000,0
2025-04-11 05:02:00,115.3200,115.4200,115.3100,115.4100,11321.66,1744347779999,1306162.483300,1226,2865.78,330656.896700,0
2025-04-11 05:03:00,115.4100,115.4100,115.2200,115.2700,12333.57,1744347839999,1421891.482300,1379,2742.97,316220.824300,0
2025-04-11 05:04:00,115.2600,115.3000,115.1400,115.2800,10805.80,1744347899999,1244923.329600,1296,3785.71,436148.988500,0
2025-04-11 05:05:00,115.2800,115.3300,115.2100,115.2400,6498.11,1744347959999,749037.688200,891,1597.90,184200.649300,0
2025-04-11 05:06:00,115.2400,115.3000,115.1500,115.2900,12312.55,1744348019999,1418577.610600,1266,3481.82,401212.885700,0
2025-04-11 05:07:00,115.2900,115.2900,115.1000,115.1300,11761.18,1744348079999,1354239.750200,1278,5154.12,593423.564600,0
2025-04-11 05:08:00,115.1300,115.1500,115.0100,115.0200,20056.47,1744348139999,2307576.712700,1765,4819.76,554574.413700,0
2025-04-11 05:09:00,115.0100,115.0200,114.9400,114.9600,21127.86,1744348199999,2429348.459000,1630,7064.91,812339.438000,0
2025-04-11 05:10:00,114.9500,115.2200,114.9300,115.2100,16204.87,1744348259999,1865270.418200,1345,8300.52,955337.881800,0
2025-04-11 05:11:00,115.2000,115.3000,115.2000,115.2100,12005.85,1744348319999,1383575.811500,1207,5081.19,585587.928600,0
2025-04-11 05:12:00,115.2000,115.2800,115.1700,115.1900,7497.55,1744348379999,863813.168900,719,2247.01,258904.988700,0
2025-04-11 05:13:00,115.1900,115.3600,115.1900,115.3300,7977.57,1744348439999,919802.187200,892,6024.19,694542.098600,0
2025-04-11 05:14:00,115.3200,115.3500,115.2100,115.2400,6923.66,1744348499999,798071.768200,746,2163.44,249378.447100,0
2025-04-11 05:15:00,115.2300,115.3600,115.2000,115.3300,6830.12,1744348559999,787319.362800,1033,3088.53,356011.231300,0
2025-04-11 05:16:00,115.3300,115.4000,115.2800,115.3600,13232.32,1744348619999,1526150.874200,1151,4362.92,503238.835900,0
2025-04-11 05:17:00,115.3600,115.3900,115.1800,115.1800,7510.94,1744348679999,866047.806900,978,1992.72,229790.885100,0
2025-04-11 05:18:00,115.1700,115.1700,115.0500,115.1100,10910.74,1744348739999,1255774.665000,1182,3432.78,395095.834900,0
2025-04-11 05:19:00,115.1100,115.1800,115.1000,115.1700,6062.87,1744348799999,698122.577500,683,2854.71,328705.923300,0
2025-04-11 05:20:00,115.1700,115.2000,115.0600,115.0600,5519.89,1744348859999,635736.575300,722,1222.81,140838.139400,0
2025-04-11 05:21:00,115.0500,115.0900,114.9500,114.9600,7483.57,1744348919999,860744.480800,1093,3278.87,377194.752800,0
2025-04-11 05:22:00,114.9600,115.0300,114.9600,114.9900,7591.35,1744348979999,873005.858700,797,2941.63,338298.779100,0
2025-04-11 05:23:00,114.9900,115.1600,114.9700,115.1100,28855.34,1744349039999,3319809.587300,1067,25278.42,2908233.402100,0
2025-04-11 05:24:00,115.1000,115.1400,115.0300,115.0900,10923.05,1744349099999,1257064.263400,875,2618.58,301421.255800,0
2025-04-11 05:25:00,115.0900,115.1800,115.0500,115.1700,7847.04,1744349159999,903378.145400,782,3749.43,431682.294300,0
2025-04-11 05:26:00,115.1600,115.2600,115.1500,115.2600,7524.71,1744349219999,866894.307100,711,5345.85,615875.314700,0
2025-04-11 05:27:00,115.2500,115.3000,115.2300,115.2600,7524.63,1744349279999,867362.064200,820,3934.94,453601.733600,0
2025-04-11 05:28:00,115.2600,115.4100,115.2600,115.3900,9141.24,1744349339999,1054394.284300,660,7372.84,850383.240600,0
2025-04-11 05:29:00,115.3900,115.5000,115.3900,115.4400,14656.16,1744349399999,1691942.671700,1095,11234.97,1296988.377000,0
2025-04-11 05:30:00,115.4300,115.5300,115.4300,115.5300,6565.59,1744349459999,758176.149900,791,4698.95,542625.639900,0
2025-04-11 05:31:00,115.5200,115.6500,115.4200,115.4300,11291.55,1744349519999,1304782.096000,1653,6131.95,708611.327500,0
2025-04-11 05:32:00,115.4200,115.4700,115.3100,115.3800,9125.26,1744349579999,1053113.845100,914,3372.19,389196.648700,0
2025-04-11 05:33:00,115.3800,115.4500,115.3500,115.4300,7794.69,1744349639999,899605.784500,837,4847.70,559473.287200,0
2025-04-11 05:34:00,115.4300,115.4400,115.3200,115.3300,4325.37,1744349699999,499015.632400,770,2528.51,291696.789300,0
2025-04-11 05:35:00,115.3200,115.4100,115.2800,115.4100,4648.47,1744349759999,536244.508800,779,2353.55,271503.803600,0
2025-04-11 05:36:00,115.4100,115.4600,115.3500,115.3500,11224.78,1744349819999,1295322.485900,936,2872.33,331505.154800,0
2025-04-11 05:37:00,115.3600,115.4000,115.2600,115.2600,5375.36,1744349879999,619911.504800,686,2991.94,345076.255600,0
2025-04-11 05:38:00,115.2700,115.4000,115.2600,115.4000,5947.17,1744349939999,685974.951300,687,3380.47,389886.575100,0
2025-04-11 05:39:00,115.3900,115.4500,115.3500,115.4400,4745.45,1744349999999,547626.653600,660,1924.96,222142.816900,0
2025-04-11 05:40:00,115.4400,115.7400,115.4400,115.7200,11608.21,1744350059999,1341888.080400,1323,8984.17,1038566.515100,0
2025-04-11 05:41:00,115.7100,115.7100,115.5000,115.5100,11802.88,1744350119999,1364878.399900,1067,2615.05,302299.077800,0
2025-04-11 05:42:00,115.5000,115.6100,115.4700,115.5300,9467.90,1744350179999,1093814.092900,852,4148.66,479354.978200,0
2025-04-11 05:43:00,115.5300,115.6500,115.5200,115.6100,4629.60,1744350239999,535010.892400,842,2518.84,291100.045700,0
2025-04-11 05:44:00,115.6100,115.6300,115.5200,115.5700,4057.78,1744350299999,468915.849100,649,2215.39,256004.690800,0
2025-04-11 05:45:00,115.5700,115.6300,115.5700,115.6200,4985.80,1744350359999,576378.693000,775,3219.87,372230.956300,0
2025-04-11 05:46:00,115.6100,115.7100,115.5300,115.6100,10648.34,1744350419999,1231316.242900,1316,6398.06,739833.867000,0
2025-04-11 05:47:00,115.6000,115.6300,115.4500,115.5200,11423.25,1744350479999,1319812.285800,1062,6500.49,751087.867800,0
2025-04-11 05:48:00,115.5200,115.5300,115.4700,115.5000,3832.55,1744350539999,442632.507200,630,1439.19,166211.969200,0
2025-04-11 05:49:00,115.4900,115.5000,115.4100,115.4900,10106.41,1744350599999,1166743.824500,877,2711.38,313021.347200,0
2025-04-11 05:50:00,115.4900,115.5400,115.4200,115.4200,14122.55,1744350659999,1631090.950800,860,8489.85,980616.151600,0
2025-04-11 05:51:00,115.4300,115.5500,115.4300,115.5200,4281.55,1744350719999,494533.522400,610,2870.09,331483.668200,0
2025-04-11 05:52:00,115.5300,115.5400,115.4800,115.5200,5469.96,1744350779999,631812.216200,562,3177.75,367052.464100,0
2025-04-11 05:53:00,115.5200,115.6400,115.4300,115.6400,16191.85,1744350839999,1870416.266900,992,12349.97,1426693.665500,0
2025-04-11 05:54:00,115.6300,115.8600,115.6300,115.8000,23976.69,1744350899999,2775836.206500,1951,16735.59,1937526.500500,0
2025-04-11 05:55:00,115.8100,116.0800,115.8100,115.9600,37051.04,1744350959999,4296945.188800,2660,27152.10,3149216.779000,0
2025-04-11 05:56:00,115.9500,116.0100,115.9100,115.9600,8172.25,1744351019999,947598.299500,929,5159.30,598286.537400,0
2025-04-11 05:57:00,115.9600,116.0500,115.9600,115.9900,12061.16,1744351079999,1399210.021000,1088,8635.26,1001765.893500,0
2025-04-11 05:58:00,115.9800,116.1200,115.9600,116.0400,23785.20,1744351139999,2760255.297100,1806,13655.93,1584827.122600,0
2025-04-11 05:59:00,116.0200,116.0400,115.9700,116.0100,5474.89,1744351199999,635115.971200,991,2979.63,345654.027400,0
2025-04-11 06:00:00,116.0100,116.1800,116.0100,116.0800,22153.49,1744351259999,2572028.384000,2363,13699.63,1590560.673900,0
2025-04-11 06:01:00,116.0800,116.3300,116.0800,116.3000,36598.43,1744351319999,4252725.102100,2669,25371.40,2948423.116300,0
2025-04-11 06:02:00,116.3000,116.3500,116.1700,116.2800,27849.71,1744351379999,3238298.980800,2177,15489.02,1801180.920200,0
2025-04-11 06:03:00,116.2800,116.6200,116.2800,116.6000,52163.62,1744351439999,6076232.364000,3670,35746.05,4164099.803600,0
2025-04-11 06:04:00,116.6000,116.6600,116.4800,116.6100,16214.26,1744351499999,1890018.405900,1674,9427.61,1098960.860900,0
2025-04-11 06:05:00,116.6100,116.8900,116.5800,116.8800,33997.26,1744351559999,3968971.924700,3113,23450.77,2738333.376600,0
2025-04-11 06:06:00,116.8700,117.1300,116.8400,117.0800,61783.50,1744351619999,7229076.821500,4526,46357.56,5424807.003100,0
2025-04-11 06:07:00,117.0800,117.1800,117.0000,117.0200,49611.66,1744351679999,5807265.696100,2802,14758.53,1727762.002700,0
2025-04-11 06:08:00,117.0300,117.2700,117.0000,117.0500,32218.67,1744351739999,3773588.973900,2675,15734.37,1842812.792900,0
2025-04-11 06:09:00,117.0400,117.1000,116.9700,116.9900,34236.63,1744351799999,4005995.508200,1719,6539.01,765214.102200,0
2025-04-11 06:10:00,117.0000,117.2000,117.0000,117.1300,19409.12,1744351859999,2273003.232100,2030,14321.19,1677301.851700,0
2025-04-11 06:11:00,117.1200,117.1200,116.9700,117.0400,11716.25,1744351919999,1371132.503800,1509,5966.11,698192.544000,0
2025-04-11 06:12:00,117.0400,117.1000,116.9900,116.9900,13664.98,1744351979999,1599283.699500,1300,6538.98,765310.172100,0
2025-04-11 06:13:00,116.9900,117.2000,116.9900,117.0200,23080.48,1744352039999,2702690.475100,1986,13788.18,1614621.844300,0
2025-04-11 06:14:00,117.0100,117.0300,116.8800,116.8900,22913.37,1744352099999,2679753.710900,1639,4922.62,575721.676300,0
2025-04-11 06:15:00,116.8900,117.0200,116.8100,116.8300,33090.32,1744352159999,3869162.714200,2601,19197.53,2244799.391600,0
2025-04-11 06:16:00,116.8300,116.8700,116.7600,116.8100,27986.10,1744352219999,3269330.134700,1861,8202.27,958232.675500,0
2025-04-11 06:17:00,116.8100,116.8100,116.7000,116.7200,24559.55,1744352279999,2867448.792000,1853,9837.83,1148661.649300,0
2025-04-11 06:18:00,116.7200,116.8400,116.6700,116.7400,19646.74,1744352339999,2293686.425500,1550,8247.73,962796.379700,0
2025-04-11 06:19:00,116.7500,116.8000,116.7300,116.7500,8552.46,1744352399999,998680.031100,865,4267.90,498381.438300,0
2025-04-11 06:20:00,116.7500,117.1300,116.7500,117.1300,25900.01,1744352459999,3030366.475900,2019,18699.78,2187754.588300,0
2025-04-11 06:21:00,117.1400,117.2700,117.0300,117.1300,25033.99,1744352519999,2932888.182600,2202,12252.89,1435366.248200,0
2025-04-11 06:22:00,117.1200,117.1500,117.0100,117.0700,11481.89,1744352579999,1344110.868200,1308,4230.88,495257.436400,0
2025-04-11 06:23:00,117.0700,117.0900,116.9800,116.9800,8856.35,1744352639999,1036520.001900,1029,2977.94,348570.252300,0
2025-04-11 06:24:00,116.9800,117.0300,116.9100,116.9300,13380.90,1744352699999,1564862.975000,1138,3653.30,427264.070400,0
2025-04-11 06:25:00,116.9200,117.0900,116.9000,117.0200,12891.83,1744352759999,1508589.852400,1097,6900.97,807446.480600,0
2025-04-11 06:26:00,117.0200,117.1300,117.0100,117.0900,10293.50,1744352819999,1205253.066400,1131,4978.36,582894.653300,0
2025-04-11 06:27:00,117.0800,117.0800,116.9200,116.9900,7591.28,1744352879999,888161.191800,944,1913.09,223824.784000,0
2025-04-11 06:28:00,116.9900,117.0000,116.9000,116.9100,13927.53,1744352939999,1628724.241000,1257,7179.68,839520.043800,0
2025-04-11 06:29:00,116.9200,116.9400,116.8800,116.8900,5230.89,1744352999999,611540.865200,783,1781.73,208305.309600,0
2025-04-11 06:30:00,116.8800,117.0300,116.8700,116.8900,13308.21,1744353059999,1556622.758000,1467,6488.13,758978.714700,0
2025-04-11 06:31:00,116.8900,116.9400,116.8400,116.8400,14091.61,1744353119999,1647385.299500,1198,9356.17,1093794.394400,0
2025-04-11 06:32:00,116.8400,116.9900,116.8400,116.9900,14281.60,1744353179999,1669661.022600,1403,8648.14,1011023.179200,0
2025-04-11 06:33:00,116.9900,117.1400,116.9700,117.0300,14049.18,1744353239999,1644907.224800,1297,8772.12,1027149.281300,0
2025-04-11 06:34:00,117.0300,117.0300,116.9300,116.9400,4346.17,1744353299999,508380.009000,816,1864.42,218076.353700,0
2025-04-11 06:35:00,116.9500,117.0700,116.9200,116.9200,9395.51,1744353359999,1099249.476700,1130,3676.28,430120.950900,0
2025-04-11 06:36:00,116.9300,117.0400,116.9100,116.9200,11466.85,1744353419999,1341443.986300,1263,4194.39,490680.877600,0
2025-04-11 06:37:00,116.9200,117.0000,116.9200,116.9400,7292.58,1744353479999,853006.851900,1199,1614.31,188833.280300,0
2025-04-11 06:38:00,116.9400,116.9800,116.9300,116.9700,4232.10,1744353539999,494969.006500,764,1620.71,189552.348300,0
2025-04-11 06:39:00,116.9700,117.0400,116.9700,117.0000,9417.46,1744353599999,1101915.863300,865,6526.55,763704.750300,0
2025-04-11 06:40:00,116.9900,117.1600,116.9700,117.1000,20265.61,1744353659999,2371710.204100,1729,7156.86,837811.762200,0
2025-04-11 06:41:00,117.1000,117.1000,116.9100,117.0300,9042.70,1744353719999,1057881.273300,1321,4369.43,511135.385500,0
2025-04-11 06:42:00,117.0300,117.1100,117.0200,117.1000,11142.98,1744353779999,1304417.390200,1672,4573.95,535440.916500,0
2025-04-11 06:43:00,117.0900,117.1300,117.0600,117.1100,5760.90,1744353839999,674620.944400,856,3308.08,387384.070800,0
2025-04-11 06:44:00,117.1000,117.1600,117.0200,117.0800,10236.52,1744353899999,1198451.431200,1262,5970.76,698984.041600,0
2025-04-11 06:45:00,117.0700,117.4800,117.0600,117.3900,38268.33,1744353959999,4489373.946300,3014,27723.15,3252113.230800,0
2025-04-11 06:46:00,117.3800,117.6600,117.2900,117.6200,44288.50,1744354019999,5205526.038800,5069,27108.27,3186594.809500,0
2025-04-11 06:47:00,117.6100,117.7000,117.5300,117.5300,43114.41,1744354079999,5072032.083500,2528,12005.16,1412261.390300,0
2025-04-11 06:48:00,117.5300,117.7000,117.5000,117.5100,13539.62,1744354139999,1592449.999100,1433,8412.42,989523.010900,0
2025-04-11 06:49:00,117.5100,117.5200,117.4000,117.4500,11650.39,1744354199999,1368565.903300,1432,5801.61,681526.149200,0
2025-04-11 06:50:00,117.4500,117.4600,117.1300,117.1400,25990.72,1744354259999,3049398.970700,1948,5679.40,666157.431800,0
2025-04-11 06:51:00,117.1300,117.1400,116.8700,116.8800,26809.39,1744354319999,3137255.565200,2342,8903.32,1041989.630600,0
2025-04-11 06:52:00,116.8800,116.9500,116.8500,116.9100,15568.09,1744354379999,1820014.614200,1584,6928.23,809973.525400,0
2025-04-11 06:53:00,116.9200,116.9500,116.7500,116.8100,19437.32,1744354439999,2270854.226600,1756,4693.02,548365.057600,0
2025-04-11 06:54:00,116.8200,116.8900,116.7500,116.7800,19446.75,1744354499999,2271751.962800,2021,7903.60,923401.547100,0
2025-04-11 06:55:00,116.7900,116.9300,116.7800,116.8100,10125.85,1744354559999,1183174.830600,1281,5574.68,651338.431500,0
2025-04-11 06:56:00,116.8100,116.8900,116.7600,116.8400,10653.84,1744354619999,1244580.825100,1120,4480.63,523405.879900,0
2025-04-11 06:57:00,116.8400,116.9100,116.8200,116.8400,10593.88,1744354679999,1237933.105500,996,5097.31,595649.800200,0
2025-04-11 06:58:00,116.8400,116.9500,116.8400,116.8900,8066.52,1744354739999,943123.959400,889,5024.92,587506.953700,0
2025-04-11 06:59:00,116.8800,116.9400,116.8500,116.9200,4299.85,1744354799999,502686.889800,698,1612.69,188529.575800,0
2025-04-11 07:00:00,116.9200,117.0000,116.8200,116.9600,21782.89,1744354859999,2546641.496900,1810,9923.08,1160260.954100,0
2025-04-11 07:01:00,116.9500,116.9600,116.6300,116.6700,22126.60,1744354919999,2583472.052100,1879,9885.96,1154190.469600,0
2025-04-11 07:02:00,116.6800,116.8300,116.6200,116.7900,14551.96,1744354979999,1698346.962200,1322,6250.81,729676.700200,0
2025-04-11 07:03:00,116.7900,116.8600,116.7100,116.7100,9222.86,1744355039999,1077156.669500,1128,5739.55,670330.672700,0
2025-04-11 07:04:00,116.7100,116.8000,116.6600,116.6800,9157.66,1744355099999,1068975.020400,1167,5541.91,646901.857700,0
2025-04-11 07:05:00,116.6800,116.7000,116.4300,116.4800,30972.01,1744355159999,3609315.379400,2166,10366.75,1208194.667300,0
2025-04-11 07:06:00,116.4800,116.5500,116.3600,116.3700,34268.54,1744355219999,3990132.263200,2102,16668.64,1941278.932000,0
2025-04-11 07:07:00,116.3800,116.5500,116.3300,116.5100,34181.94,1744355279999,3979269.498800,3090,20655.29,2404758.708200,0
2025-04-11 07:08:00,116.5000,116.5500,116.3400,116.3800,19822.59,1744355339999,2307800.889200,1638,5631.43,655571.028000,0
2025-04-11 07:09:00,116.3700,116.5100,116.3700,116.4800,10267.42,1744355399999,1195653.539000,1022,5433.04,632592.237700,0
2025-04-11 07:10:00,116.4800,116.5100,116.4100,116.4400,12040.30,1744355459999,1402273.611400,1219,7701.18,896962.341600,0
2025-04-11 07:11:00,116.4400,116.5800,116.4300,116.5700,6883.22,1744355519999,802058.993600,870,3019.12,351774.360100,0
2025-04-11 07:12:00,116.5800,116.6300,116.4800,116.5300,9090.85,1744355579999,1059731.327300,1232,3566.52,415759.375900,0
2025-04-11 07:13:00,116.5300,116.6200,116.5300,116.6200,12056.36,1744355639999,1405497.551900,1149,5813.75,677768.398100,0
2025-04-11 07:14:00,116.6200,116.6400,116.5300,116.5700,7021.45,1744355699999,818652.488100,924,2468.39,287758.640800,0
2025-04-11 07:15:00,116.5700,116.7900,116.5700,116.7900,8253.88,1744355759999,963241.561600,1336,4097.80,478247.248400,0
2025-04-11 07:16:00,116.7900,116.7900,116.4900,116.5700,23267.90,1744355819999,2714070.913700,1778,6456.33,752716.228400,0
2025-04-11 07:17:00,116.5600,116.6100,116.4300,116.4500,9106.14,1744355879999,1060712.204400,1174,1700.93,198184.578800,0
2025-04-11 07:18:00,116.4500,116.5100,116.4500,116.4600,3873.05,1744355939999,451119.917700,557,2095.79,244102.361800,0
2025-04-11 07:19:00,116.4600,116.4900,116.3900,116.4300,12324.17,1744355999999,1434926.514200,1125,3910.84,455321.337200,0
2025-04-11 07:20:00,116.4200,116.4900,116.3800,116.4000,7395.16,1744356059999,861090.610500,992,2112.12,245928.422700,0
2025-04-11 07:21:00,116.4000,116.4900,116.4000,116.4800,9562.72,1744356119999,1113659.333800,1149,4510.33,525309.937800,0
2025-04-11 07:22:00,116.4800,116.5500,116.4400,116.5400,6122.30,1744356179999,713294.993100,805,2764.24,322079.082700,0
2025-04-11 07:23:00,116.5500,116.5700,116.4600,116.4600,4610.69,1744356239999,537261.022900,844,1231.09,143443.511100,0
2025-04-11 07:24:00,116.4600,116.5000,116.4400,116.4500,6237.87,1744356299999,726471.742600,755,1298.84,151270.713600,0
2025-04-11 07:25:00,116.4600,116.6600,116.4500,116.5900,23573.04,1744356359999,2747862.880000,1502,14813.27,1726622.126600,0
2025-04-11 07:26:00,116.5900,116.6000,116.4900,116.5000,5058.21,1744356419999,589408.810700,671,2038.64,237552.636100,0
2025-04-11 07:27:00,116.4900,116.5000,116.3600,116.3600,4978.58,1744356479999,579628.987600,792,1542.58,179600.646300,0
2025-04-11 07:28:00,116.3600,116.3800,116.1100,116.1700,29160.55,1744356539999,3389482.200300,2500,5389.91,626517.285800,0
2025-04-11 07:29:00,116.1700,116.2600,116.1200,116.2100,16451.83,1744356599999,1911665.683800,1362,6573.92,763866.298100,0
2025-04-11 07:30:00,116.2200,116.2300,116.1300,116.2300,11779.54,1744356659999,1368630.597000,1329,3400.86,395131.972400,0
2025-04-11 07:31:00,116.2200,116.2700,116.1700,116.2500,15867.26,1744356719999,1844263.986000,1544,8436.73,980652.041600,0
2025-04-11 07:32:00,116.2500,116.3000,116.1700,116.2900,7560.84,1744356779999,878883.320200,792,3601.45,418655.274200,0
2025-04-11 07:33:00,116.2900,116.4000,116.1800,116.1800,11741.68,1744356839999,1365663.862800,1101,5048.82,587351.636100,0
2025-04-11 07:34:00,116.1800,116.3400,116.1800,116.3400,6098.28,1744356899999,709072.635600,679,3138.58,364941.955000,0
2025-04-11 07:35:00,116.3400,116.4100,116.2700,116.2900,8395.46,1744356959999,976599.150600,960,2872.27,334169.538500,0
2025-04-11 07:36:00,116.2900,116.3400,116.2500,116.3400,10821.53,1744357019999,1258536.365100,998,6196.61,720673.025900,0
2025-04-11 07:37:00,116.3300,116.5200,116.3300,116.5100,13989.75,1744357079999,1628695.043800,1344,11444.37,1332378.956500,0
2025-04-11 07:38:00,116.5000,116.6100,116.4600,116.4900,16264.32,1744357139999,1895659.906800,1496,10078.63,1174714.508400,0
2025-04-11 07:39:00,116.4800,116.5400,116.4300,116.4800,5466.13,1744357199999,636708.922600,836,3044.68,354628.384300,0
2025-04-11 07:40:00,116.4700,116.5800,116.4500,116.5300,9239.99,1744357259999,1076508.341600,1075,6066.95,706805.010800,0
2025-04-11 07:41:00,116.5200,116.5900,116.4900,116.5700,7379.36,1744357319999,860046.187500,899,3567.09,415723.871300,0
2025-04-11 07:42:00,116.5700,116.7700,116.5200,116.7200,15983.56,1744357379999,1864793.961500,1467,12001.19,1400277.213600,0
2025-04-11 07:43:00,116.7200,116.7800,116.6600,116.6900,10458.97,1744357439999,1220811.586600,1070,6948.50,811052.125400,0
2025-04-11 07:44:00,116.6800,116.7600,116.6800,116.7200,8483.69,1744357499999,990256.841800,821,5855.58,683511.965600,0
2025-04-11 07:45:00,116.7100,116.8500,116.6900,116.8400,9544.82,1744357559999,1114539.204200,1258,7131.87,832847.252200,0
2025-04-11 07:46:00,116.8400,116.8400,116.7400,116.7600,7995.21,1744357619999,933638.506400,828,4330.90,505745.314600,0
2025-04-11 07:47:00,116.7500,116.8700,116.7300,116.7300,9154.35,1744357679999,1069276.526700,1086,4729.47,552429.346100,0
2025-04-11 07:48:00,116.7400,116.7500,116.5800,116.6500,17399.73,1744357739999,2029453.362000,1403,3516.47,410159.334400,0
2025-04-11 07:49:00,116.6500,116.6900,116.4800,116.5100,10218.28,1744357799999,1191164.030500,1001,2715.90,316619.285500,0
2025-04-11 07:50:00,116.5100,116.6000,116.4900,116.5700,10801.57,1744357859999,1258794.530600,881,6315.99,736125.416000,0
2025-04-11 07:51:00,116.5600,116.6000,116.5200,116.5200,4708.51,1744357919999,548896.215200,705,1948.40,227154.030900,0
2025-04-11 07:52:00,116.5200,116.6500,116.5200,116.6100,10487.54,1744357979999,1222681.943700,1010,5645.61,658137.443500,0
2025-04-11 07:53:00,116.6000,116.7300,116.5900,116.6200,8686.03,1744358039999,1013346.289000,1165,3954.10,461320.344400,0
2025-04-11 07:54:00,116.6100,116.7100,116.6100,116.7000,9424.58,1744358099999,1099591.618500,737,7473.33,871937.685700,0
2025-04-11 07:55:00,116.6900,116.7300,116.6200,116.7000,4929.01,1744358159999,575168.297500,604,1829.04,213432.599800,0
2025-04-11 07:56:00,116.7000,116.7000,116.6500,116.6600,8956.16,1744358219999,1044962.444200,733,3364.61,392577.513600,0
2025-04-11 07:57:00,116.6500,116.7000,116.5100,116.5100,12106.47,1744358279999,1411549.665700,1163,3236.94,377481.902800,0
2025-04-11 07:58:00,116.5100,116.5100,116.4100,116.4200,7128.93,1744358339999,830233.155500,965,2156.31,251134.691800,0
2025-04-11 07:59:00,116.4200,116.5400,116.4200,116.5400,5310.25,1744358399999,618709.126000,706,2724.41,317422.131000,0
2025-04-11 08:00:00,116.5300,116.5800,116.2300,116.2300,35888.33,1744358459999,4177109.488000,3714,10123.35,1178375.495000,0
2025-04-11 08:01:00,116.2200,116.2800,115.7700,115.9800,113608.64,1744358519999,13176880.117800,6140,38746.56,4493526.546800,0
2025-04-11 08:02:00,115.9800,116.2500,115.8800,116.2200,54580.72,1744358579999,6336648.861200,2689,20736.22,2407981.652500,0
2025-04-11 08:03:00,116.2200,116.4800,115.9100,116.3200,135670.30,1744358639999,15775019.247700,6073,89173.26,10368428.116300,0
2025-04-11 08:04:00,116.3300,117.2000,116.3200,116.9400,138099.05,1744358699999,16126027.762200,8156,102237.72,11936037.798000,0
2025-04-11 08:05:00,116.9400,117.8500,116.9000,117.5600,191911.16,1744358759999,22554085.545200,12001,140960.13,16565389.088600,0
2025-04-11 08:06:00,117.5600,117.5600,117.0700,117.2200,76102.95,1744358819999,8924157.379500,7130,42097.50,4936518.627100,0
2025-04-11 08:07:00,117.2100,117.4500,117.1800,117.4100,33278.33,1744358879999,3903814.269100,2897,16664.29,1955124.153400,0
2025-04-11 08:08:00,117.4100,117.5900,117.2700,117.4300,41201.91,1744358939999,4837580.264900,2971,17603.79,2066805.422500,0
2025-04-11 08:09:00,117.4200,117.4200,117.1300,117.3000,32321.19,1744358999999,3788487.626800,2820,7995.89,937263.746700,0
2025-04-11 08:10:00,117.3000,117.4300,117.2200,117.4300,19533.66,1744359059999,2291520.148600,2225,8477.00,994493.690900,0
2025-04-11 08:11:00,117.4400,117.4400,116.7400,116.8300,46386.67,1744359119999,5428990.424800,3627,16280.92,1904920.125300,0
2025-04-11 08:12:00,116.8300,117.1300,116.8300,117.1300,18281.44,1744359179999,2139051.127300,2071,12151.37,1421769.295600,0
2025-04-11 08:13:00,117.1300,117.1600,116.9300,116.9300,9650.44,1744359239999,1129420.781300,1348,3064.18,358651.909100,0
2025-04-11 08:14:00,116.9300,116.9300,116.6800,116.8100,40154.98,1744359299999,4689267.774100,2895,8302.46,969691.006200,0
2025-04-11 08:15:00,116.8100,116.9100,116.7300,116.7800,17445.93,1744359359999,2037948.661600,1741,7098.54,829291.595700,0
2025-04-11 08:16:00,116.7800,116.7900,116.5600,116.6900,30076.76,1744359419999,3508178.037900,2331,11662.99,1360430.595900,0
2025-04-11 08:17:00,116.6800,116.7300,116.5300,116.6300,13180.79,1744359479999,1537090.907200,1659,3788.19,441830.674300,0
2025-04-11 08:18:00,116.6300,116.6300,116.4100,116.4300,33132.23,1744359539999,3859385.933100,2380,8311.37,968154.647400,0
2025-04-11 08:19:00,116.4300,116.4600,116.3000,116.3000,25847.88,1744359599999,3008757.327200,2743,13113.55,1526547.467600,0
2025-04-11 08:20:00,116.3000,116.4300,116.2900,116.3400,15569.00,1744359659999,1811428.175000,1720,7867.89,915471.428200,0
2025-04-11 08:21:00,116.3400,116.3500,116.0900,116.2600,38524.44,1744359719999,4477005.484200,2661,8180.96,950870.528700,0
2025-04-11 08:22:00,116.2600,116.4600,116.2500,116.3400,12716.31,1744359779999,1479845.835200,1557,7188.50,836521.309600,0
2025-04-11 08:23:00,116.3300,116.3300,116.1800,116.2300,12122.41,1744359839999,1409249.885200,1390,3291.86,382671.297200,0
2025-04-11 08:24:00,116.2200,116.4000,116.2200,116.3100,7465.54,1744359899999,868493.883700,1084,3366.17,391547.242600,0
2025-04-11 08:25:00,116.3100,116.4700,116.3100,116.4400,7681.46,1744359959999,894052.636000,1173,4536.18,527973.145700,0
2025-04-11 08:26:00,116.4300,116.7700,116.4300,116.6500,22343.09,1744360019999,2606191.524700,1806,16433.33,1916706.792200,0
2025-04-11 08:27:00,116.6400,116.6500,116.4900,116.5200,11570.30,1744360079999,1348739.075100,1257,3503.46,408487.713200,0
2025-04-11 08:28:00,116.5100,116.6000,116.4200,116.5700,13172.18,1744360139999,1534372.971200,1431,4867.05,567076.849500,0
2025-04-11 08:29:00,116.5800,116.6100,116.4800,116.5500,9731.67,1744360199999,1134240.038400,1217,6583.19,767306.673200,0
2025-04-11 08:30:00,116.5400,116.7000,116.4900,116.6600,10773.78,1744360259999,1256090.397200,1313,7356.07,857644.247200,0
2025-04-11 08:31:00,116.6600,116.8300,116.5800,116.6100,14079.84,1744360319999,1643265.104100,1657,7282.29,849956.962500,0
2025-04-11 08:32:00,116.6100,116.6500,116.5200,116.5300,7880.08,1744360379999,918893.287500,1072,3439.04,401090.087700,0
2025-04-11 08:33:00,116.5200,116.5800,116.4800,116.4900,7500.99,1744360439999,874039.077500,1178,2874.35,334946.145900,0
2025-04-11 08:34:00,116.5000,116.5900,116.4300,116.4400,6542.38,1744360499999,762374.250200,998,2922.43,340563.680300,0
2025-04-11 08:35:00,116.4300,116.4900,116.3900,116.4900,14784.42,1744360559999,1721498.175600,1313,6339.84,738301.886300,0
2025-04-11 08:36:00,116.4900,116.7000,116.4900,116.7000,14280.02,1744360619999,1665219.848400,1367,8614.21,1004369.675800,0
2025-04-11 08:37:00,116.6900,116.9700,116.6900,116.9500,15693.73,1744360679999,1833583.491500,1760,12596.83,1471672.245000,0
2025-04-11 08:38:00,116.9600,117.2600,116.8900,117.1800,31938.46,1744360739999,3740820.930300,2647,23866.12,2795654.707200,0
2025-04-11 08:39:00,117.1700,117.5500,117.1500,117.1900,30720.37,1744360799999,3604943.163100,3034,19399.38,2276785.324500,0
2025-04-11 08:40:00,117.1800,117.2800,116.9500,116.9500,24973.19,1744360859999,2924550.217300,2428,4962.68,581233.407000,0
2025-04-11 08:41:00,116.9400,117.1600,116.9300,117.0200,12479.40,1744360919999,1460508.993000,1538,6027.85,705390.994700,0
2025-04-11 08:42:00,117.0100,117.1700,117.0100,117.1400,9246.37,1744360979999,1082770.765100,1290,4813.36,563667.836900,0
2025-04-11 08:43:00,117.1300,117.1600,116.8900,116.9500,11764.66,1744361039999,1376621.851100,1342,3432.21,401562.268300,0
2025-04-11 08:44:00,116.9500,117.1700,116.9400,117.1200,10923.57,1744361099999,1278847.171100,1261,6801.87,796272.784200,0
2025-04-11 08:45:00,117.1200,117.4900,117.0700,117.0900,45625.14,1744361159999,5350541.059100,3850,34305.77,4023440.790100,0
2025-04-11 08:46:00,117.0800,117.1000,116.8600,116.9600,20046.84,1744361219999,2344823.157900,1752,9472.16,1108026.464700,0
2025-04-11 08:47:00,116.9700,117.2300,116.9700,117.1100,10645.03,1744361279999,1246708.499400,1417,6928.97,811431.774400,0
2025-04-11 08:48:00,117.1200,117.1400,116.8600,116.9500,26636.64,1744361339999,3117301.449400,1732,16939.17,1982620.429700,0
2025-04-11 08:49:00,116.9500,117.0000,116.7800,116.8900,14787.65,1744361399999,1728045.654000,1607,5789.68,676595.699000,0
2025-04-11 08:50:00,116.8900,117.1900,116.8600,117.1800,27519.23,1744361459999,3221797.996600,1774,19888.11,2328393.559700,0
2025-04-11 08:51:00,117.1800,117.2000,117.0600,117.1200,12195.86,1744361519999,1428576.051000,1195,2696.05,315796.995700,0
2025-04-11 08:52:00,117.1300,117.2100,117.0500,117.0500,9104.49,1744361579999,1066635.445300,1117,3533.33,414018.524900,0
2025-04-11 08:53:00,117.0500,117.1200,117.0000,117.0600,6453.96,1744361639999,755468.142600,1070,1489.94,174409.745000,0
2025-04-11 08:54:00,117.0700,117.1200,117.0200,117.0700,6137.38,1744361699999,718454.130400,898,2746.26,321475.840100,0
2025-04-11 08:55:00,117.0600,117.1800,117.0600,117.1400,9497.08,1744361759999,1112434.637700,1094,3985.55,466834.414000,0
2025-04-11 08:56:00,117.1400,117.2400,117.0800,117.1900,8504.12,1744361819999,996578.648700,1091,4684.32,548972.689200,0
2025-04-11 08:57:00,117.1900,117.3200,117.1900,117.2800,9717.85,1744361879999,1139427.757100,1099,6247.91,732614.006300,0
2025-04-11 08:58:00,117.2700,117.4500,117.2100,117.4200,18930.55,1744361939999,2221404.690700,1613,13962.34,1638538.782400,0
2025-04-11 08:59:00,117.4200,117.5700,117.3900,117.5200,38305.30,1744361999999,4500834.675600,3224,26431.29,3105872.949900,0
2025-04-11 09:00:00,117.5200,117.7400,117.4700,117.7300,28892.37,1744362059999,3398084.022200,2754,20415.94,2401177.320000,0
2025-04-11 09:01:00,117.7300,117.7500,117.4600,117.4700,26073.75,1744362119999,3067315.020700,2540,8876.06,1044388.416900,0
2025-04-11 09:02:00,117.4700,117.6900,117.4000,117.5400,32887.30,1744362179999,3865110.060600,2512,15471.87,1818249.393600,0
2025-04-11 09:03:00,117.5400,117.5400,117.2900,117.3500,13270.00,1744362239999,1557614.782300,1696,4300.72,504822.579000,0
2025-04-11 09:04:00,117.3600,117.3700,117.2100,117.2800,19519.21,1744362299999,2289501.688300,1875,5190.83,608845.967700,0
2025-04-11 09:05:00,117.2800,117.3300,117.1100,117.2900,13851.90,1744362359999,1623486.736800,1442,3333.34,390725.964500,0
2025-04-11 09:06:00,117.2800,117.2900,117.1200,117.1300,6058.61,1744362419999,710122.180700,929,2682.78,314457.856100,0
2025-04-11 09:07:00,117.1300,117.1700,117.1100,117.1400,1704.14,1744362479999,199622.763300,266,971.53,113808.270600,0
